feeder_id,utility_id,climate_zone,asset_age_years,rated_capacity_mva,n_customers,cable_length_km,n_protection_devices,underground_ratio,der_penetration_pct,last_inspection_days_ago,vegetation_risk_index,health_index
FEED_0000,UTIL_A,continental,36.0,14.1,3557,20.48,5,0.53,9.0,159.0,0.414,0.4931
FEED_0001,UTIL_C,oceanic,33.0,16.3,679,28.86,10,0.77,29.0,1064.0,0.571,0.6598
FEED_0002,UTIL_B,semi_arid,25.0,13.5,3815,11.76,2,0.38,33.5,575.0,0.001,0.4499
FEED_0003,UTIL_B,semi_arid,40.0,21.8,715,13.33,6,0.59,3.2,618.0,0.645,0.6632
FEED_0004,UTIL_B,mediterranean,6.0,28.9,444,24.55,10,0.97,35.3,470.0,0.718,0.3036
FEED_0005,UTIL_C,mediterranean,41.0,13.0,753,15.67,11,0.52,31.9,318.0,0.567,0.6009
FEED_0006,UTIL_A,oceanic,38.0,16.6,2407,22.36,4,0.91,34.8,1040.0,0.497,0.6504
FEED_0007,UTIL_C,continental,23.0,37.6,3173,14.33,8,0.79,27.9,550.0,0.81,0.5085
FEED_0008,UTIL_A,mediterranean,33.0,6.7,2155,7.25,3,0.06,27.0,748.0,0.681,0.7516
FEED_0009,UTIL_A,continental,23.0,21.1,785,22.61,3,0.43,21.0,69.0,0.278,0.3642
FEED_0010,UTIL_B,semi_arid,12.0,29.9,1156,4.8,5,0.7,26.1,323.0,0.959,0.4189
FEED_0011,UTIL_C,oceanic,36.0,10.3,4291,6.76,10,0.99,36.8,886.0,0.707,0.6257
FEED_0012,UTIL_C,semi_arid,11.0,6.7,4820,19.18,8,0.46,4.0,123.0,0.988,0.4192
FEED_0013,UTIL_C,semi_arid,14.0,9.8,3820,22.67,6,0.09,12.6,138.0,0.971,0.5166
FEED_0014,UTIL_C,semi_arid,23.0,37.2,696,26.95,4,0.56,2.9,892.0,0.919,0.6543
FEED_0015,UTIL_C,continental,37.0,5.3,4135,8.91,3,0.13,37.8,358.0,0.755,0.6945
FEED_0016,UTIL_B,semi_arid,17.0,11.6,3521,4.21,4,0.75,17.8,321.0,0.609,0.3773
FEED_0017,UTIL_A,continental,22.0,6.1,2725,28.73,3,0.51,27.0,632.0,0.172,0.4478
FEED_0018,UTIL_C,mediterranean,2.0,8.9,887,5.48,3,0.72,33.6,237.0,0.543,0.2343
FEED_0019,UTIL_B,oceanic,6.0,26.7,4984,6.73,8,0.87,39.6,75.0,0.765,0.2428
FEED_0020,UTIL_B,mediterranean,3.0,13.5,2324,9.45,3,0.63,6.5,34.0,0.521,0.2093
FEED_0021,UTIL_B,continental,4.0,24.9,412,16.35,2,0.61,32.0,114.0,0.868,0.3087
FEED_0022,UTIL_A,continental,39.0,25.7,1207,26.6,7,0.75,35.5,198.0,0.11,0.4205
FEED_0023,UTIL_C,semi_arid,38.0,34.7,2126,23.06,4,0.84,2.0,771.0,0.381,0.5798
FEED_0024,UTIL_C,mediterranean,37.0,5.2,499,21.54,6,0.87,30.2,347.0,0.506,0.4942
FEED_0025,UTIL_B,mediterranean,3.0,34.9,1754,6.08,3,0.04,14.2,106.0,0.432,0.3259
FEED_0026,UTIL_B,semi_arid,4.0,26.7,2448,11.37,4,0.56,25.9,45.0,0.109,0.1512
FEED_0027,UTIL_C,continental,13.0,10.7,4753,14.87,6,0.22,20.6,538.0,0.154,0.4107
FEED_0028,UTIL_B,semi_arid,25.0,32.1,614,5.28,8,0.86,10.4,924.0,0.838,0.601
FEED_0029,UTIL_B,semi_arid,15.0,34.9,2968,8.93,6,0.65,5.4,390.0,0.484,0.3725
FEED_0030,UTIL_B,oceanic,22.0,13.9,4595,9.94,7,0.42,4.7,98.0,0.049,0.3193
FEED_0031,UTIL_A,continental,8.0,37.2,4069,4.69,7,0.19,4.1,272.0,0.016,0.2895
FEED_0032,UTIL_A,continental,33.0,20.9,4639,16.96,4,0.34,25.5,561.0,0.473,0.6113
FEED_0033,UTIL_B,mediterranean,14.0,26.1,1017,21.45,4,0.7,14.1,231.0,0.164,0.2544
FEED_0034,UTIL_C,oceanic,3.0,39.5,4046,3.03,6,0.2,8.7,1072.0,0.705,0.5691
FEED_0035,UTIL_A,continental,33.0,17.7,4897,14.95,2,0.09,27.7,843.0,0.795,0.7901
FEED_0036,UTIL_C,mediterranean,40.0,33.5,1764,23.68,8,0.89,27.5,396.0,0.228,0.4691
FEED_0037,UTIL_C,continental,1.0,16.1,2593,22.69,8,0.76,21.6,1043.0,0.592,0.4123
FEED_0038,UTIL_A,oceanic,20.0,33.0,2748,24.64,5,0.2,37.4,376.0,0.154,0.4322
FEED_0039,UTIL_B,continental,37.0,26.0,2569,14.0,5,0.29,15.4,179.0,0.304,0.5314
FEED_0040,UTIL_A,oceanic,32.0,12.6,1590,24.8,5,0.97,33.4,1029.0,0.889,0.6676
FEED_0041,UTIL_C,continental,38.0,19.5,4860,7.98,8,0.71,3.0,1052.0,0.544,0.7025
FEED_0042,UTIL_C,continental,19.0,16.1,4791,11.46,9,0.61,29.6,362.0,0.886,0.4856
FEED_0043,UTIL_B,continental,17.0,7.7,2027,6.11,3,0.31,39.5,663.0,0.225,0.4666
FEED_0044,UTIL_A,semi_arid,32.0,6.0,4065,14.56,6,0.3,33.9,214.0,0.33,0.5037
FEED_0045,UTIL_C,continental,7.0,17.1,2108,12.37,2,0.04,23.2,713.0,0.471,0.5034
FEED_0046,UTIL_B,mediterranean,11.0,5.7,4015,7.99,6,0.73,25.1,764.0,0.48,0.41
FEED_0047,UTIL_C,oceanic,27.0,10.8,3006,22.8,4,0.04,14.1,786.0,0.998,0.7811
FEED_0048,UTIL_C,oceanic,30.0,30.4,2456,10.1,5,0.0,27.2,635.0,0.114,0.6011
FEED_0049,UTIL_C,oceanic,6.0,29.8,814,8.91,6,0.73,30.8,779.0,0.852,0.4489
FEED_0050,UTIL_C,semi_arid,23.0,30.9,3342,4.8,5,0.95,39.9,621.0,0.864,0.5035
FEED_0051,UTIL_A,mediterranean,17.0,16.1,1741,13.73,5,0.76,19.7,903.0,0.553,0.497
FEED_0052,UTIL_B,semi_arid,23.0,36.2,1240,9.79,9,0.47,2.5,221.0,0.344,0.4041
FEED_0053,UTIL_B,mediterranean,43.0,25.8,1127,11.71,10,0.49,23.8,544.0,0.519,0.6644
FEED_0054,UTIL_B,semi_arid,4.0,9.4,4913,7.84,2,0.44,4.8,473.0,0.292,0.3095
FEED_0055,UTIL_A,oceanic,44.0,10.0,695,23.13,5,0.32,9.8,598.0,0.799,0.7746
FEED_0056,UTIL_B,oceanic,20.0,29.3,4032,27.97,10,0.52,13.2,181.0,0.498,0.3925
FEED_0057,UTIL_A,semi_arid,34.0,11.1,4357,15.44,7,0.43,29.2,374.0,0.926,0.649
FEED_0058,UTIL_C,semi_arid,19.0,22.8,349,19.65,4,0.6,7.4,1046.0,0.623,0.5912
FEED_0059,UTIL_C,semi_arid,14.0,39.7,3028,26.15,7,0.9,6.6,142.0,0.514,0.2641
FEED_0060,UTIL_C,oceanic,34.0,5.1,2971,29.97,3,1.0,1.8,706.0,0.711,0.5678
FEED_0061,UTIL_C,continental,31.0,5.6,1921,18.79,2,0.08,34.9,737.0,0.504,0.6942
FEED_0062,UTIL_B,mediterranean,7.0,39.8,3400,26.8,8,0.38,27.7,535.0,0.905,0.4816
FEED_0063,UTIL_C,continental,32.0,25.5,2161,27.35,7,0.18,1.6,65.0,0.184,0.4645
FEED_0064,UTIL_B,semi_arid,34.0,9.4,2310,23.95,9,0.35,1.1,66.0,0.973,0.6041
FEED_0065,UTIL_A,continental,18.0,36.4,2271,14.37,5,0.29,22.3,323.0,0.812,0.5181
FEED_0066,UTIL_C,continental,41.0,35.8,4043,3.35,10,0.17,11.3,139.0,0.861,0.6888
FEED_0067,UTIL_B,continental,29.0,23.8,3239,1.46,6,0.76,23.9,130.0,0.483,0.3998
FEED_0068,UTIL_A,oceanic,15.0,26.8,2019,14.84,9,0.5,17.4,200.0,0.837,0.4297
FEED_0069,UTIL_B,oceanic,1.0,14.6,4648,15.34,3,0.92,36.9,233.0,0.307,0.1384
FEED_0070,UTIL_C,semi_arid,30.0,6.8,4049,12.81,2,0.03,11.5,922.0,0.762,0.7902
FEED_0071,UTIL_A,mediterranean,10.0,25.8,4677,17.48,9,0.07,27.2,710.0,0.14,0.4539
FEED_0072,UTIL_B,mediterranean,34.0,15.3,3706,17.01,10,0.4,2.2,62.0,0.307,0.46
FEED_0073,UTIL_A,continental,24.0,28.2,2079,25.26,11,0.08,38.2,699.0,0.446,0.6195
FEED_0074,UTIL_C,continental,21.0,34.3,3910,4.15,5,0.26,39.2,175.0,0.322,0.4157
FEED_0075,UTIL_B,mediterranean,8.0,5.6,1780,7.53,2,0.99,29.6,478.0,0.387,0.2508
FEED_0076,UTIL_A,semi_arid,32.0,25.8,1500,24.0,11,0.21,18.6,70.0,0.82,0.5869
FEED_0077,UTIL_A,oceanic,8.0,13.1,2365,25.59,8,0.2,8.8,126.0,0.257,0.3024
FEED_0078,UTIL_B,semi_arid,19.0,35.6,4852,29.85,4,0.57,32.5,171.0,0.745,0.4218
FEED_0079,UTIL_C,continental,37.0,13.9,2926,26.31,9,0.5,29.5,491.0,0.074,0.5147
FEED_0080,UTIL_C,continental,41.0,26.4,2041,26.81,11,0.58,8.9,523.0,0.766,0.6755
FEED_0081,UTIL_B,semi_arid,44.0,24.4,2416,10.12,4,0.38,18.0,405.0,0.792,0.7171
FEED_0082,UTIL_A,continental,43.0,18.9,1597,12.65,9,0.83,18.5,690.0,0.402,0.6064
FEED_0083,UTIL_C,continental,25.0,28.7,3362,8.77,9,0.14,33.1,797.0,0.722,0.6928
FEED_0084,UTIL_B,mediterranean,9.0,30.4,1882,18.58,7,0.43,27.4,806.0,0.915,0.551
FEED_0085,UTIL_C,semi_arid,37.0,24.8,2861,28.23,8,0.69,25.7,646.0,0.801,0.6575
FEED_0086,UTIL_A,oceanic,36.0,31.5,1975,10.99,4,0.87,26.0,611.0,0.39,0.5235
FEED_0087,UTIL_A,continental,44.0,39.4,1739,17.15,11,0.37,10.8,553.0,0.484,0.6913
FEED_0088,UTIL_C,semi_arid,29.0,19.7,4857,9.59,11,0.57,14.9,283.0,0.779,0.532
FEED_0089,UTIL_C,semi_arid,7.0,23.0,1859,5.92,11,0.07,1.8,548.0,0.293,0.4242
FEED_0090,UTIL_B,semi_arid,23.0,5.4,538,6.66,9,0.17,31.5,40.0,0.804,0.5148
FEED_0091,UTIL_C,semi_arid,20.0,32.9,2017,2.68,2,0.07,17.3,1059.0,0.328,0.6489
FEED_0092,UTIL_C,continental,38.0,23.2,2754,28.53,5,0.73,17.5,424.0,0.806,0.6076
FEED_0093,UTIL_B,semi_arid,18.0,19.3,654,12.68,6,0.29,9.8,835.0,0.087,0.49
FEED_0094,UTIL_C,mediterranean,15.0,8.3,1667,25.19,11,0.72,8.4,1048.0,0.044,0.4207
FEED_0095,UTIL_A,semi_arid,4.0,36.1,997,20.76,7,0.07,23.5,559.0,0.998,0.5443
FEED_0096,UTIL_A,oceanic,37.0,18.8,2603,6.57,7,0.86,9.3,947.0,0.869,0.7058
FEED_0097,UTIL_C,semi_arid,34.0,28.9,3670,6.09,3,0.84,2.6,540.0,0.883,0.5963
FEED_0098,UTIL_B,oceanic,2.0,10.2,4848,24.55,9,0.09,30.7,170.0,0.951,0.4266
FEED_0099,UTIL_A,oceanic,20.0,38.7,2067,8.68,5,0.02,15.1,58.0,0.438,0.4524
FEED_0100,UTIL_C,oceanic,22.0,11.2,4343,27.49,2,0.06,15.2,174.0,0.287,0.4562
FEED_0101,UTIL_A,semi_arid,21.0,12.0,1229,5.06,11,0.85,17.3,1033.0,0.13,0.4552
FEED_0102,UTIL_C,oceanic,41.0,35.1,3946,20.65,3,0.23,32.6,535.0,0.501,0.6952
FEED_0103,UTIL_A,continental,7.0,36.9,2900,24.62,2,0.55,12.8,369.0,0.22,0.2727
FEED_0104,UTIL_C,semi_arid,14.0,12.4,3839,7.82,2,0.43,30.3,505.0,0.936,0.5254
FEED_0105,UTIL_C,oceanic,8.0,21.4,3826,9.01,6,0.8,37.6,302.0,0.004,0.172
FEED_0106,UTIL_C,mediterranean,11.0,30.7,2755,28.97,3,0.49,26.4,957.0,0.143,0.4346
FEED_0107,UTIL_B,oceanic,40.0,35.7,1435,8.67,10,0.5,17.3,1094.0,0.246,0.7101
FEED_0108,UTIL_B,semi_arid,42.0,18.3,2725,13.47,7,0.99,29.9,120.0,0.199,0.3959
FEED_0109,UTIL_C,semi_arid,2.0,23.1,4168,13.54,5,0.15,18.3,795.0,0.226,0.4123
FEED_0110,UTIL_A,semi_arid,28.0,31.0,4859,8.34,2,0.83,16.6,387.0,0.656,0.4713
FEED_0111,UTIL_C,mediterranean,11.0,30.6,4652,23.5,6,0.05,21.0,80.0,0.328,0.3594
FEED_0112,UTIL_B,semi_arid,9.0,32.4,1071,23.38,3,0.48,12.7,1012.0,0.615,0.5281
FEED_0113,UTIL_B,mediterranean,13.0,24.9,3067,11.97,11,0.89,4.2,95.0,0.89,0.3228
FEED_0114,UTIL_B,oceanic,9.0,8.7,702,25.22,4,0.67,16.6,249.0,0.603,0.3134
FEED_0115,UTIL_B,oceanic,22.0,36.6,3410,7.18,6,0.69,5.0,57.0,0.695,0.3851
FEED_0116,UTIL_A,continental,44.0,35.3,4963,1.12,2,0.26,16.4,531.0,0.366,0.6847
FEED_0117,UTIL_A,mediterranean,26.0,32.9,452,17.56,3,0.42,22.3,668.0,0.16,0.5027
FEED_0118,UTIL_A,continental,32.0,8.5,3351,29.83,4,0.37,37.2,371.0,0.321,0.5238
FEED_0119,UTIL_A,continental,22.0,12.2,4738,2.12,2,0.52,1.4,106.0,0.964,0.4841
FEED_0120,UTIL_B,mediterranean,1.0,31.0,4266,7.03,9,0.46,24.9,153.0,0.622,0.2751
FEED_0121,UTIL_C,mediterranean,4.0,5.8,2083,16.05,11,0.33,18.3,1024.0,0.278,0.4545
FEED_0122,UTIL_B,continental,12.0,39.3,698,24.49,11,0.31,0.8,888.0,0.451,0.5243
FEED_0123,UTIL_B,mediterranean,11.0,18.2,4634,3.58,4,0.25,10.0,1027.0,0.836,0.6372
FEED_0124,UTIL_C,oceanic,37.0,30.2,4622,12.46,9,0.37,4.7,595.0,0.668,0.6832
FEED_0125,UTIL_B,continental,38.0,36.1,2979,22.67,7,0.15,8.7,611.0,0.561,0.7173
FEED_0126,UTIL_A,mediterranean,38.0,18.8,4898,11.77,2,0.87,11.0,867.0,0.885,0.6965
FEED_0127,UTIL_C,mediterranean,29.0,16.2,222,6.48,2,0.6,16.1,686.0,0.672,0.5966
FEED_0128,UTIL_B,oceanic,25.0,26.3,3159,6.67,7,0.13,21.2,494.0,0.643,0.6098
FEED_0129,UTIL_B,mediterranean,29.0,25.3,385,12.89,6,0.69,0.0,340.0,0.19,0.4032
FEED_0130,UTIL_B,oceanic,18.0,19.3,4691,14.9,2,0.85,6.5,547.0,0.106,0.3161
FEED_0131,UTIL_B,mediterranean,30.0,26.1,3466,25.99,11,0.24,3.7,98.0,0.965,0.6007
FEED_0132,UTIL_A,mediterranean,35.0,37.7,4584,19.63,9,0.15,22.0,234.0,0.599,0.6154
FEED_0133,UTIL_B,mediterranean,34.0,21.4,2900,21.02,7,0.01,13.2,815.0,0.416,0.7317
FEED_0134,UTIL_C,continental,28.0,11.9,599,29.51,11,0.05,21.9,954.0,0.589,0.7434
FEED_0135,UTIL_A,oceanic,3.0,18.2,327,12.94,11,0.76,8.9,138.0,0.062,0.1152
FEED_0136,UTIL_B,continental,32.0,18.8,1810,12.7,11,0.99,1.0,133.0,0.822,0.4457
FEED_0137,UTIL_A,mediterranean,17.0,9.6,3768,27.78,4,0.04,37.7,121.0,0.217,0.3952
FEED_0138,UTIL_B,semi_arid,33.0,10.7,924,8.13,10,0.75,4.3,873.0,0.805,0.667
FEED_0139,UTIL_B,semi_arid,24.0,29.0,4290,22.16,7,0.07,5.1,361.0,0.534,0.5619
FEED_0140,UTIL_C,oceanic,39.0,16.9,1349,22.88,9,0.59,5.9,378.0,0.277,0.527
FEED_0141,UTIL_A,semi_arid,15.0,38.4,2582,3.84,10,0.76,39.3,43.0,0.03,0.1805
FEED_0142,UTIL_A,semi_arid,41.0,13.5,1174,14.58,3,0.36,24.7,1065.0,0.816,0.8532
FEED_0143,UTIL_B,mediterranean,38.0,8.5,2435,6.82,6,0.01,24.4,492.0,0.176,0.6411
FEED_0144,UTIL_C,semi_arid,15.0,31.4,2370,6.38,3,0.6,39.5,879.0,0.052,0.4078
FEED_0145,UTIL_C,mediterranean,22.0,35.8,226,14.45,4,0.99,3.5,783.0,0.756,0.5031
FEED_0146,UTIL_A,mediterranean,24.0,14.7,2925,9.39,6,0.26,39.0,180.0,0.35,0.4458
FEED_0147,UTIL_A,oceanic,34.0,12.1,3975,24.09,10,0.19,8.2,883.0,0.389,0.7058
FEED_0148,UTIL_C,semi_arid,31.0,11.5,4694,27.32,10,0.12,24.9,616.0,0.247,0.6072
FEED_0149,UTIL_A,semi_arid,38.0,23.3,1787,24.28,5,0.56,16.8,673.0,0.859,0.709
FEED_0150,UTIL_C,mediterranean,17.0,21.4,4426,8.71,5,0.6,15.4,243.0,0.297,0.3271
FEED_0151,UTIL_A,oceanic,23.0,14.1,4418,8.95,7,0.79,37.2,931.0,0.21,0.4754
FEED_0152,UTIL_C,continental,19.0,6.6,4944,8.39,11,0.75,6.0,1022.0,0.309,0.4929
FEED_0153,UTIL_A,semi_arid,41.0,21.9,1990,4.92,11,0.89,39.9,462.0,0.203,0.487
FEED_0154,UTIL_B,oceanic,14.0,38.6,4284,28.37,4,0.81,15.2,128.0,0.318,0.2397
FEED_0155,UTIL_B,oceanic,26.0,27.8,2912,12.66,3,0.25,26.0,933.0,0.083,0.5818
FEED_0156,UTIL_A,semi_arid,6.0,22.3,479,7.52,9,0.56,38.7,975.0,0.159,0.3891
FEED_0157,UTIL_B,oceanic,38.0,8.9,1497,25.55,5,0.3,2.3,569.0,0.417,0.6489
FEED_0158,UTIL_B,continental,17.0,13.8,3425,12.58,3,0.33,36.9,646.0,0.879,0.5895
FEED_0159,UTIL_C,mediterranean,15.0,15.3,970,2.02,2,0.93,22.7,267.0,0.057,0.203
FEED_0160,UTIL_C,continental,26.0,31.8,2286,5.7,6,0.68,28.2,101.0,0.213,0.3319
FEED_0161,UTIL_B,oceanic,22.0,35.7,3919,19.54,5,0.97,6.0,1035.0,0.908,0.595
FEED_0162,UTIL_B,continental,38.0,36.6,918,23.7,7,0.42,21.3,544.0,0.89,0.7138
FEED_0163,UTIL_B,continental,24.0,39.5,2583,7.12,4,0.54,26.9,322.0,0.679,0.488
FEED_0164,UTIL_B,oceanic,23.0,39.4,1231,27.6,9,0.49,18.2,768.0,0.24,0.5042
FEED_0165,UTIL_C,oceanic,5.0,38.4,2775,25.68,8,0.11,6.2,57.0,0.42,0.3139
FEED_0166,UTIL_A,oceanic,1.0,7.5,1355,25.6,6,0.24,9.8,115.0,0.211,0.2282
FEED_0167,UTIL_A,semi_arid,18.0,9.8,4833,7.6,3,0.53,34.2,288.0,0.129,0.3256
FEED_0168,UTIL_B,semi_arid,44.0,15.7,568,2.47,7,0.07,1.4,509.0,0.38,0.7204
FEED_0169,UTIL_A,continental,41.0,24.4,4825,26.16,8,0.93,28.4,420.0,0.576,0.544
FEED_0170,UTIL_A,semi_arid,28.0,8.4,4000,9.87,5,0.12,40.0,229.0,0.36,0.5181
FEED_0171,UTIL_A,oceanic,28.0,34.6,4307,18.95,4,0.2,0.3,404.0,0.611,0.5922
FEED_0172,UTIL_C,oceanic,18.0,26.6,4287,23.04,7,0.77,6.4,385.0,0.296,0.3331
FEED_0173,UTIL_C,continental,8.0,24.0,1100,4.72,5,0.1,27.0,588.0,0.346,0.4457
FEED_0174,UTIL_C,oceanic,1.0,10.8,4669,23.64,6,0.9,2.4,629.0,0.791,0.3296
FEED_0175,UTIL_B,oceanic,15.0,13.9,3052,28.22,5,0.73,23.6,970.0,0.878,0.5677
FEED_0176,UTIL_C,oceanic,14.0,10.6,4818,22.12,5,0.07,27.4,889.0,0.322,0.5623
FEED_0177,UTIL_A,continental,9.0,34.8,4415,13.8,9,0.69,23.5,341.0,0.572,0.3243
FEED_0178,UTIL_C,oceanic,12.0,25.4,2982,26.42,6,0.63,14.6,991.0,0.278,0.4492
FEED_0179,UTIL_B,semi_arid,2.0,30.7,1997,16.3,6,0.76,27.9,584.0,0.053,0.2075
FEED_0180,UTIL_C,oceanic,27.0,15.4,762,22.6,8,0.83,23.8,229.0,0.738,0.4439
FEED_0181,UTIL_A,continental,41.0,18.0,685,24.79,5,0.72,8.3,392.0,0.171,0.4986
FEED_0182,UTIL_B,semi_arid,31.0,19.2,2070,22.73,3,0.59,22.5,819.0,0.426,0.5953
FEED_0183,UTIL_C,semi_arid,20.0,31.6,4092,9.35,10,0.32,35.3,905.0,0.487,0.5956
FEED_0184,UTIL_B,continental,19.0,32.0,2625,4.42,2,0.7,26.7,428.0,0.184,0.3423
FEED_0185,UTIL_B,semi_arid,14.0,12.2,2512,7.91,7,0.96,18.9,197.0,0.095,0.1809
FEED_0186,UTIL_A,mediterranean,7.0,38.0,1373,15.58,4,0.59,12.9,234.0,0.348,0.2595
FEED_0187,UTIL_B,oceanic,27.0,9.2,2909,15.65,4,0.66,3.4,140.0,0.952,0.5004
FEED_0188,UTIL_A,mediterranean,25.0,36.4,3262,17.9,2,0.44,9.8,774.0,0.615,0.6062
FEED_0189,UTIL_A,semi_arid,1.0,8.5,4914,12.46,11,0.76,0.4,565.0,0.381,0.261
FEED_0190,UTIL_C,semi_arid,19.0,14.3,3701,23.82,6,1.0,39.5,510.0,0.039,0.272
FEED_0191,UTIL_B,semi_arid,13.0,34.6,3114,27.48,5,0.16,8.9,745.0,0.6,0.5592
FEED_0192,UTIL_B,semi_arid,8.0,11.3,4568,8.16,9,0.2,32.6,912.0,0.092,0.4488
FEED_0193,UTIL_B,semi_arid,31.0,19.5,2239,22.36,2,0.54,6.7,877.0,0.543,0.6419
FEED_0194,UTIL_C,continental,24.0,20.7,4687,20.66,7,0.48,11.3,176.0,0.752,0.4812
FEED_0195,UTIL_A,mediterranean,28.0,13.6,1975,16.17,6,0.57,16.7,657.0,0.424,0.5386
FEED_0196,UTIL_B,oceanic,32.0,29.9,813,6.47,7,0.05,13.0,969.0,0.299,0.7199
FEED_0197,UTIL_A,oceanic,44.0,34.8,2204,24.06,3,0.4,31.9,854.0,0.047,0.6666
FEED_0198,UTIL_B,continental,36.0,35.6,818,28.86,11,0.58,38.3,380.0,0.025,0.4558
FEED_0199,UTIL_C,continental,28.0,16.9,768,21.93,4,0.59,35.0,448.0,0.43,0.4881
FEED_0200,UTIL_B,oceanic,39.0,23.6,4429,27.62,8,0.66,6.1,978.0,0.883,0.7712
FEED_0201,UTIL_C,oceanic,22.0,13.7,4014,29.54,9,0.72,31.1,65.0,0.244,0.2908
FEED_0202,UTIL_B,continental,44.0,13.6,1261,11.21,5,0.64,5.9,589.0,0.574,0.6635
FEED_0203,UTIL_C,continental,34.0,10.6,4221,19.51,3,0.79,36.5,153.0,0.684,0.4782
FEED_0204,UTIL_B,continental,29.0,37.9,530,14.74,4,0.62,20.7,982.0,0.061,0.538
FEED_0205,UTIL_A,oceanic,40.0,36.1,1565,29.61,10,0.54,13.5,71.0,0.153,0.4499
FEED_0206,UTIL_C,continental,23.0,32.2,3589,3.72,11,0.61,6.3,54.0,0.331,0.3354
FEED_0207,UTIL_C,oceanic,32.0,23.1,1658,12.96,11,0.1,0.5,380.0,0.67,0.6496
FEED_0208,UTIL_A,mediterranean,13.0,22.2,3706,26.39,4,0.27,9.9,243.0,0.439,0.3904
FEED_0209,UTIL_C,mediterranean,43.0,23.5,4396,9.24,8,0.53,36.6,557.0,0.734,0.7024
FEED_0210,UTIL_A,oceanic,28.0,23.8,517,23.85,3,0.87,31.9,349.0,0.868,0.4971
FEED_0211,UTIL_C,oceanic,35.0,20.2,315,12.1,9,0.68,38.8,409.0,0.758,0.5812
FEED_0212,UTIL_C,oceanic,21.0,9.6,4712,29.42,6,0.09,4.0,631.0,0.992,0.6878
FEED_0213,UTIL_B,semi_arid,39.0,9.4,2698,26.62,9,0.59,23.7,627.0,0.754,0.6793
FEED_0214,UTIL_C,semi_arid,4.0,38.3,2631,9.74,8,0.22,10.3,1025.0,0.852,0.5915
FEED_0215,UTIL_A,semi_arid,6.0,21.9,2425,23.34,11,0.73,21.7,541.0,0.832,0.3906
FEED_0216,UTIL_A,oceanic,23.0,38.4,2281,10.77,6,0.83,12.8,630.0,0.73,0.5027
FEED_0217,UTIL_A,mediterranean,33.0,10.7,3512,18.58,5,0.59,11.3,752.0,0.802,0.6708
FEED_0218,UTIL_B,continental,36.0,24.4,2982,20.1,7,0.59,23.0,215.0,0.935,0.5981
FEED_0219,UTIL_C,oceanic,20.0,12.3,984,25.06,3,0.34,7.3,740.0,0.475,0.5515
FEED_0220,UTIL_A,continental,29.0,13.9,3207,1.71,3,0.45,18.8,947.0,0.638,0.6794
FEED_0221,UTIL_B,semi_arid,25.0,6.1,3407,7.38,7,0.86,26.0,368.0,0.515,0.4095
FEED_0222,UTIL_C,semi_arid,43.0,9.2,745,21.65,10,0.72,5.1,219.0,0.851,0.6106
FEED_0223,UTIL_A,continental,29.0,37.1,2008,17.34,7,0.52,37.2,398.0,0.431,0.4986
FEED_0224,UTIL_C,semi_arid,19.0,16.3,3994,15.37,9,0.37,20.2,322.0,0.82,0.5113
FEED_0225,UTIL_A,continental,43.0,26.3,3169,2.6,3,0.05,32.8,653.0,0.799,0.8333
FEED_0226,UTIL_C,oceanic,5.0,21.3,854,11.1,6,0.14,26.2,949.0,0.962,0.62
FEED_0227,UTIL_B,continental,44.0,19.0,392,26.09,8,0.19,28.4,665.0,0.249,0.7058
FEED_0228,UTIL_B,mediterranean,7.0,23.6,2989,1.9,5,0.37,28.6,163.0,0.71,0.3597
FEED_0229,UTIL_A,oceanic,13.0,11.6,2416,12.5,2,0.94,35.0,365.0,0.757,0.3478
FEED_0230,UTIL_B,oceanic,37.0,39.6,4813,28.41,2,0.51,24.5,764.0,0.936,0.7474
FEED_0231,UTIL_C,mediterranean,33.0,33.6,2706,2.48,11,0.23,11.1,381.0,0.907,0.6791
FEED_0232,UTIL_A,semi_arid,43.0,31.0,4671,22.74,8,0.11,4.0,654.0,0.574,0.7766
FEED_0233,UTIL_C,semi_arid,33.0,21.4,1228,8.47,4,0.34,24.3,769.0,0.579,0.68
FEED_0234,UTIL_B,continental,29.0,10.4,2347,26.13,4,0.82,2.7,380.0,0.167,0.3817
FEED_0235,UTIL_C,oceanic,16.0,37.2,870,22.64,2,0.38,9.7,719.0,0.975,0.6076
FEED_0236,UTIL_B,oceanic,1.0,16.9,2956,26.69,11,0.77,2.4,453.0,0.255,0.2082
FEED_0237,UTIL_B,mediterranean,6.0,6.8,1104,7.26,3,0.8,22.0,173.0,0.725,0.2712
FEED_0238,UTIL_A,oceanic,14.0,17.0,2562,16.41,9,0.11,6.4,426.0,0.796,0.5433
FEED_0239,UTIL_B,semi_arid,2.0,32.8,1851,23.6,4,0.61,24.4,499.0,0.441,0.2957
FEED_0240,UTIL_A,semi_arid,23.0,26.8,1091,8.13,5,0.96,31.6,32.0,0.211,0.2364
FEED_0241,UTIL_B,semi_arid,35.0,31.3,664,7.69,4,0.4,32.9,980.0,0.189,0.6538
FEED_0242,UTIL_A,oceanic,43.0,32.8,2657,1.79,10,0.05,12.4,592.0,0.856,0.8308
FEED_0243,UTIL_B,mediterranean,22.0,12.4,4747,28.8,2,0.92,22.0,68.0,0.511,0.3048
FEED_0244,UTIL_B,semi_arid,39.0,37.3,1153,21.59,5,0.88,22.5,954.0,0.09,0.5631
FEED_0245,UTIL_A,mediterranean,44.0,20.3,2143,19.43,4,0.52,18.9,940.0,0.717,0.7962
FEED_0246,UTIL_C,oceanic,38.0,27.4,1278,22.58,4,0.55,26.2,42.0,0.25,0.4451
FEED_0247,UTIL_B,mediterranean,21.0,5.1,4083,16.42,3,0.21,8.4,203.0,0.876,0.5429
FEED_0248,UTIL_C,mediterranean,15.0,39.8,2191,14.81,11,0.82,39.2,417.0,0.31,0.3099
FEED_0249,UTIL_A,continental,44.0,14.8,4877,14.04,5,0.5,3.9,570.0,0.2,0.6124
FEED_0250,UTIL_A,semi_arid,11.0,7.2,1376,19.57,6,0.03,33.2,802.0,0.085,0.4797
FEED_0251,UTIL_B,continental,19.0,21.0,587,6.84,5,0.68,23.8,481.0,0.512,0.424
FEED_0252,UTIL_A,continental,4.0,9.5,2996,26.75,11,0.95,9.8,681.0,0.451,0.2868
FEED_0253,UTIL_A,semi_arid,35.0,10.3,3328,24.54,5,0.83,29.8,40.0,0.751,0.4656
FEED_0254,UTIL_B,oceanic,29.0,27.1,4955,11.14,5,0.28,3.4,731.0,0.465,0.6295
FEED_0255,UTIL_A,mediterranean,4.0,18.8,4382,17.78,5,0.05,31.0,1004.0,0.344,0.5191
FEED_0256,UTIL_C,oceanic,10.0,37.3,4444,5.09,5,0.94,23.6,590.0,0.262,0.2769
FEED_0257,UTIL_A,mediterranean,25.0,16.2,3244,29.2,2,0.94,4.4,514.0,0.278,0.3794
FEED_0258,UTIL_A,continental,24.0,30.4,1927,27.18,8,0.53,3.2,346.0,0.928,0.5453
FEED_0259,UTIL_B,oceanic,36.0,21.1,2259,27.74,2,0.64,30.0,1046.0,0.165,0.6238
FEED_0260,UTIL_C,continental,12.0,28.1,841,10.63,4,0.46,11.7,65.0,0.988,0.4138
FEED_0261,UTIL_A,oceanic,41.0,26.0,2269,5.9,4,0.42,35.6,335.0,0.327,0.5768
FEED_0262,UTIL_A,semi_arid,20.0,21.5,1949,7.14,4,0.12,30.5,177.0,0.088,0.3896
FEED_0263,UTIL_C,semi_arid,37.0,38.3,372,3.61,9,0.1,27.9,952.0,0.249,0.7349
FEED_0264,UTIL_C,mediterranean,11.0,17.0,1181,4.48,7,0.23,11.1,543.0,0.058,0.3751
FEED_0265,UTIL_B,semi_arid,2.0,11.2,2766,3.07,11,0.84,28.4,1012.0,0.79,0.4366
FEED_0266,UTIL_B,oceanic,3.0,28.7,1972,29.7,5,0.15,37.9,738.0,0.513,0.4644
FEED_0267,UTIL_B,mediterranean,17.0,34.6,4969,3.15,11,0.23,3.7,623.0,0.337,0.4959
FEED_0268,UTIL_B,continental,42.0,6.4,2496,4.84,2,0.55,13.0,581.0,0.662,0.6817
FEED_0269,UTIL_B,mediterranean,3.0,20.7,4801,24.99,7,0.22,9.4,245.0,0.631,0.3615
FEED_0270,UTIL_A,oceanic,17.0,36.2,3371,17.83,9,0.16,15.7,628.0,0.94,0.6316
FEED_0271,UTIL_A,semi_arid,5.0,31.2,393,23.46,7,0.56,29.7,759.0,0.961,0.4924
FEED_0272,UTIL_A,continental,41.0,39.7,1176,19.3,11,0.37,19.0,1058.0,0.681,0.8226
FEED_0273,UTIL_C,oceanic,30.0,23.6,3587,26.58,5,0.63,22.8,614.0,0.818,0.6111
FEED_0274,UTIL_B,semi_arid,34.0,28.1,2816,19.52,2,0.91,12.6,1029.0,0.792,0.6758
FEED_0275,UTIL_B,semi_arid,32.0,15.6,1648,16.14,9,0.15,5.7,1035.0,0.491,0.7534
FEED_0276,UTIL_B,mediterranean,29.0,38.2,2706,21.67,2,0.91,10.7,586.0,0.704,0.5181
FEED_0277,UTIL_C,continental,35.0,17.8,4534,13.97,9,0.9,34.4,497.0,0.078,0.4213
FEED_0278,UTIL_A,mediterranean,1.0,30.8,2065,11.04,9,0.83,24.1,181.0,0.758,0.2347
FEED_0279,UTIL_A,semi_arid,39.0,19.1,416,14.56,10,0.63,15.1,315.0,0.962,0.6417
FEED_0280,UTIL_A,semi_arid,33.0,24.7,1692,5.92,6,0.62,31.6,966.0,0.085,0.5702
FEED_0281,UTIL_B,oceanic,33.0,30.2,4692,24.1,10,0.64,2.6,177.0,0.836,0.5363
FEED_0282,UTIL_C,continental,18.0,22.8,3856,8.56,3,0.69,10.2,452.0,0.933,0.4918
FEED_0283,UTIL_B,continental,36.0,36.7,4219,5.45,6,0.02,9.2,774.0,0.226,0.6979
FEED_0284,UTIL_B,mediterranean,17.0,19.7,4575,8.14,3,0.96,39.4,286.0,0.525,0.3105
FEED_0285,UTIL_C,oceanic,3.0,27.6,764,25.42,9,0.59,28.2,1067.0,0.928,0.5345
FEED_0286,UTIL_A,continental,40.0,17.0,1556,10.58,9,0.78,24.7,721.0,0.96,0.7117
FEED_0287,UTIL_B,oceanic,11.0,19.3,487,20.9,10,0.38,0.2,60.0,0.128,0.2489
FEED_0288,UTIL_B,oceanic,5.0,20.4,222,25.84,9,0.01,7.4,293.0,0.349,0.3736
FEED_0289,UTIL_B,continental,28.0,9.4,4206,3.25,5,0.51,25.4,818.0,0.698,0.6421
FEED_0290,UTIL_C,continental,11.0,8.2,4697,23.19,2,0.51,15.2,949.0,0.222,0.4446
FEED_0291,UTIL_A,mediterranean,38.0,28.4,947,9.92,11,0.44,37.0,1017.0,0.325,0.7047
FEED_0292,UTIL_C,oceanic,20.0,27.9,3666,7.28,6,0.34,30.6,936.0,0.023,0.5059
FEED_0293,UTIL_A,semi_arid,1.0,28.2,2767,20.98,2,0.25,17.9,109.0,0.154,0.2135
FEED_0294,UTIL_B,mediterranean,42.0,5.7,532,27.38,11,0.53,30.0,807.0,0.562,0.7173
FEED_0295,UTIL_B,mediterranean,23.0,16.4,4595,9.56,11,0.38,39.0,147.0,0.653,0.4671
FEED_0296,UTIL_C,semi_arid,12.0,11.9,4381,17.5,6,0.97,18.4,111.0,0.649,0.2545
FEED_0297,UTIL_B,mediterranean,30.0,32.2,2923,9.41,9,0.17,25.7,766.0,0.778,0.7298
FEED_0298,UTIL_A,mediterranean,24.0,35.1,3597,17.07,2,0.32,36.7,539.0,0.415,0.5287
FEED_0299,UTIL_A,mediterranean,2.0,13.6,2106,19.03,2,0.29,9.9,720.0,0.273,0.3765
FEED_0300,UTIL_B,continental,34.0,28.4,4005,18.7,4,0.54,35.5,936.0,0.016,0.5733
FEED_0301,UTIL_C,mediterranean,18.0,9.5,2336,19.08,8,0.5,3.9,103.0,0.207,0.3049
FEED_0302,UTIL_A,oceanic,31.0,14.6,4948,4.92,3,0.64,25.9,591.0,0.312,0.5104
FEED_0303,UTIL_C,semi_arid,40.0,9.9,502,21.11,2,0.95,31.3,918.0,0.178,0.5663
FEED_0304,UTIL_B,oceanic,27.0,14.9,1026,20.57,8,0.29,24.6,498.0,0.02,0.4697
FEED_0305,UTIL_A,semi_arid,30.0,28.6,4850,20.8,9,0.69,19.8,587.0,0.157,0.4608
FEED_0306,UTIL_A,oceanic,12.0,36.9,1586,3.15,9,0.03,24.7,560.0,0.666,0.5484
FEED_0307,UTIL_B,continental,11.0,12.1,1691,13.96,9,0.26,6.1,996.0,0.63,0.587
FEED_0308,UTIL_A,mediterranean,19.0,24.0,3998,12.86,10,0.46,8.6,83.0,0.936,0.4619
FEED_0309,UTIL_A,semi_arid,38.0,29.5,1108,3.51,8,0.03,10.8,965.0,0.798,0.8695
FEED_0310,UTIL_B,continental,24.0,38.4,2664,7.45,7,0.62,23.9,899.0,0.568,0.5815
FEED_0311,UTIL_C,semi_arid,16.0,26.4,1573,13.79,10,0.68,17.7,895.0,0.138,0.4204
FEED_0312,UTIL_A,oceanic,35.0,13.9,1150,22.54,5,0.75,9.8,469.0,0.564,0.5421
FEED_0313,UTIL_A,mediterranean,38.0,26.9,4828,7.87,2,0.52,35.3,579.0,0.062,0.5361
FEED_0314,UTIL_A,semi_arid,40.0,16.2,1159,25.06,9,0.6,15.0,422.0,0.431,0.5737
FEED_0315,UTIL_B,semi_arid,14.0,39.2,652,16.83,4,0.4,17.8,298.0,0.39,0.3749
FEED_0316,UTIL_C,continental,32.0,19.0,3434,23.05,11,0.04,16.4,962.0,0.428,0.7461
FEED_0317,UTIL_C,continental,26.0,29.0,4363,14.7,6,0.1,7.3,568.0,0.28,0.5679
FEED_0318,UTIL_C,oceanic,20.0,5.8,811,15.48,10,0.65,29.3,800.0,0.686,0.5454
FEED_0319,UTIL_C,semi_arid,18.0,19.0,3597,18.97,2,1.0,17.9,137.0,0.841,0.3395
FEED_0320,UTIL_A,continental,6.0,35.6,2795,27.91,8,0.02,0.7,870.0,0.769,0.5951
FEED_0321,UTIL_A,oceanic,13.0,26.4,4184,15.26,6,0.56,38.6,731.0,0.628,0.4816
FEED_0322,UTIL_B,continental,25.0,20.5,809,16.33,6,0.75,32.6,1092.0,0.538,0.6014
FEED_0323,UTIL_C,oceanic,40.0,37.8,4884,18.46,4,0.83,28.9,172.0,0.031,0.3906
FEED_0324,UTIL_C,oceanic,39.0,34.9,3171,22.39,11,0.55,34.8,605.0,0.723,0.6761
FEED_0325,UTIL_A,continental,9.0,16.3,4242,3.08,5,0.62,36.3,574.0,0.545,0.3861
FEED_0326,UTIL_A,oceanic,30.0,24.1,1937,15.95,10,0.7,13.5,603.0,0.271,0.4852
FEED_0327,UTIL_A,semi_arid,4.0,22.1,4728,14.97,6,0.86,24.4,87.0,0.328,0.1446
FEED_0328,UTIL_A,semi_arid,30.0,27.1,3206,27.73,2,0.12,24.4,533.0,0.936,0.7182
FEED_0329,UTIL_B,continental,16.0,16.7,809,15.31,10,0.93,10.7,348.0,0.624,0.3427
FEED_0330,UTIL_B,continental,20.0,13.5,4629,14.58,3,0.03,8.9,687.0,0.476,0.6016
FEED_0331,UTIL_B,continental,32.0,36.9,4019,28.9,4,0.84,4.6,277.0,0.621,0.4683
FEED_0332,UTIL_A,mediterranean,19.0,37.3,1640,14.07,10,0.08,26.4,493.0,0.414,0.5271
FEED_0333,UTIL_C,continental,36.0,34.5,2819,6.25,10,0.19,31.2,690.0,0.47,0.6935
FEED_0334,UTIL_B,semi_arid,24.0,39.2,2062,7.29,11,0.0,30.4,98.0,0.29,0.467
FEED_0335,UTIL_C,semi_arid,44.0,31.1,2808,3.76,6,0.45,12.7,867.0,0.44,0.7382
FEED_0336,UTIL_C,semi_arid,29.0,31.8,4833,1.02,9,0.33,8.2,792.0,0.686,0.6776
FEED_0337,UTIL_A,continental,14.0,31.7,4514,13.53,5,0.17,18.1,91.0,0.04,0.3037
FEED_0338,UTIL_A,continental,35.0,21.8,1234,23.31,9,0.45,21.9,98.0,0.795,0.5636
FEED_0339,UTIL_C,semi_arid,18.0,21.0,4864,22.27,7,0.4,36.8,935.0,0.283,0.5301
FEED_0340,UTIL_B,mediterranean,24.0,13.4,2302,1.93,2,0.77,35.0,331.0,0.683,0.4448
FEED_0341,UTIL_A,oceanic,7.0,27.6,3583,17.53,6,0.89,36.6,946.0,0.643,0.421
FEED_0342,UTIL_B,semi_arid,6.0,15.1,3868,5.47,6,0.65,34.0,561.0,0.653,0.3753
FEED_0343,UTIL_B,continental,26.0,14.0,2518,28.29,4,0.12,38.6,394.0,0.608,0.5898
FEED_0344,UTIL_C,continental,9.0,25.5,2391,5.85,5,0.3,18.6,321.0,0.959,0.4751
FEED_0345,UTIL_A,continental,44.0,19.3,2390,19.17,7,0.91,1.9,731.0,0.508,0.6287
FEED_0346,UTIL_C,continental,38.0,12.7,4340,10.46,2,0.09,3.3,146.0,0.732,0.6573
FEED_0347,UTIL_C,continental,31.0,33.6,2054,19.61,3,0.41,15.6,458.0,0.705,0.6047
FEED_0348,UTIL_A,semi_arid,33.0,35.1,1543,12.96,9,0.94,10.3,398.0,0.236,0.4067
FEED_0349,UTIL_A,oceanic,27.0,10.9,1935,23.03,5,0.95,6.8,194.0,0.283,0.3209
FEED_0350,UTIL_B,semi_arid,3.0,5.3,1135,7.69,8,0.41,38.1,405.0,0.424,0.3186
FEED_0351,UTIL_A,semi_arid,18.0,16.8,2079,27.27,7,0.67,7.8,593.0,0.278,0.397
FEED_0352,UTIL_A,semi_arid,22.0,32.9,747,15.51,7,0.46,38.4,751.0,0.367,0.524
FEED_0353,UTIL_B,continental,41.0,34.4,630,22.93,6,0.75,30.4,121.0,0.391,0.4747
FEED_0354,UTIL_C,mediterranean,10.0,9.8,3674,25.64,6,0.03,25.6,959.0,0.604,0.6115
FEED_0355,UTIL_C,semi_arid,22.0,32.1,571,29.97,10,0.14,27.0,965.0,0.22,0.6074
FEED_0356,UTIL_A,continental,16.0,9.0,2927,7.49,11,0.61,13.3,766.0,0.804,0.5381
FEED_0357,UTIL_C,continental,6.0,18.7,3943,9.32,4,0.23,25.9,1014.0,0.438,0.5198
FEED_0358,UTIL_A,oceanic,5.0,40.0,3677,8.26,8,0.67,7.5,485.0,0.706,0.3568
FEED_0359,UTIL_C,semi_arid,17.0,11.7,2341,8.62,11,0.35,37.5,905.0,0.081,0.485
FEED_0360,UTIL_C,semi_arid,4.0,10.4,1129,17.89,2,0.89,12.1,804.0,0.47,0.3307
FEED_0361,UTIL_C,semi_arid,3.0,19.8,4667,29.81,9,0.82,10.2,629.0,0.028,0.2085
FEED_0362,UTIL_A,continental,16.0,26.7,4208,29.72,6,0.49,28.4,221.0,0.676,0.4121
FEED_0363,UTIL_C,semi_arid,9.0,37.7,3138,16.28,11,0.77,26.3,623.0,0.344,0.327
FEED_0364,UTIL_A,semi_arid,25.0,39.3,616,19.53,7,0.27,18.1,989.0,0.949,0.756
FEED_0365,UTIL_B,oceanic,1.0,7.4,368,25.94,10,0.49,25.3,1078.0,0.324,0.4207
FEED_0366,UTIL_B,semi_arid,14.0,9.8,1713,28.06,3,0.2,6.4,507.0,0.564,0.4974
FEED_0367,UTIL_A,semi_arid,20.0,32.7,956,6.91,3,0.86,26.9,294.0,0.257,0.3021
FEED_0368,UTIL_A,mediterranean,43.0,14.5,4329,16.33,11,0.82,10.8,826.0,0.62,0.683
FEED_0369,UTIL_C,continental,28.0,36.0,1187,25.15,7,0.9,10.9,110.0,0.467,0.3563
FEED_0370,UTIL_B,mediterranean,39.0,28.2,1556,9.79,7,0.88,6.5,190.0,0.371,0.4449
FEED_0371,UTIL_B,continental,16.0,8.9,4883,13.75,3,0.96,13.3,628.0,0.204,0.3166
FEED_0372,UTIL_B,continental,20.0,34.1,4127,29.58,4,0.23,13.3,1084.0,0.112,0.5794
FEED_0373,UTIL_B,continental,19.0,11.2,1249,29.57,10,0.93,18.2,380.0,0.12,0.2725
FEED_0374,UTIL_C,oceanic,40.0,19.8,2041,27.28,5,0.57,7.6,502.0,0.999,0.7115
FEED_0375,UTIL_A,oceanic,43.0,24.3,2675,24.16,7,0.42,7.7,373.0,0.412,0.618
FEED_0376,UTIL_C,oceanic,43.0,22.5,3388,8.8,5,0.56,21.7,499.0,0.002,0.5368
FEED_0377,UTIL_C,oceanic,34.0,29.0,4693,10.3,4,0.34,5.2,37.0,0.953,0.5955
FEED_0378,UTIL_B,oceanic,23.0,27.8,4381,16.87,3,0.29,27.6,663.0,0.02,0.4763
FEED_0379,UTIL_A,oceanic,24.0,39.7,4890,17.26,11,0.24,37.8,664.0,0.419,0.5741
FEED_0380,UTIL_A,continental,44.0,40.0,395,15.66,11,0.08,17.1,366.0,0.717,0.7532
FEED_0381,UTIL_C,semi_arid,13.0,23.1,1334,19.46,3,0.5,36.0,311.0,0.915,0.4551
FEED_0382,UTIL_C,mediterranean,16.0,8.3,2902,12.84,5,0.89,3.9,841.0,0.713,0.4811
FEED_0383,UTIL_A,continental,40.0,30.5,435,22.73,7,0.63,1.7,230.0,0.464,0.5304
FEED_0384,UTIL_A,semi_arid,17.0,39.2,1905,10.67,5,0.52,28.9,80.0,0.974,0.4413
FEED_0385,UTIL_A,oceanic,11.0,16.1,937,10.59,9,0.43,30.4,73.0,0.039,0.224
FEED_0386,UTIL_A,continental,25.0,21.1,4678,4.69,4,0.46,33.7,969.0,0.987,0.7211
FEED_0387,UTIL_C,continental,15.0,19.9,503,6.47,2,0.21,2.3,418.0,0.849,0.5399
FEED_0388,UTIL_C,continental,40.0,6.8,912,25.67,5,0.82,31.1,138.0,0.929,0.5644
FEED_0389,UTIL_A,mediterranean,40.0,28.5,1136,13.94,7,0.2,15.1,966.0,0.255,0.7427
FEED_0390,UTIL_C,continental,14.0,17.4,913,7.61,3,0.72,12.1,188.0,0.142,0.2362
FEED_0391,UTIL_A,oceanic,24.0,32.6,2929,23.02,10,0.76,6.9,388.0,0.663,0.4559
FEED_0392,UTIL_B,oceanic,44.0,34.1,1948,17.07,2,0.57,39.8,52.0,0.516,0.5433
FEED_0393,UTIL_B,semi_arid,33.0,33.7,4579,1.61,2,0.86,2.5,753.0,0.523,0.5612
FEED_0394,UTIL_C,oceanic,10.0,19.6,1451,10.17,7,0.29,33.1,774.0,0.925,0.5815
FEED_0395,UTIL_C,oceanic,26.0,16.3,2778,6.13,7,0.88,25.6,835.0,0.62,0.5409
FEED_0396,UTIL_A,oceanic,28.0,31.2,3368,20.02,4,0.73,29.4,310.0,0.311,0.4048
FEED_0397,UTIL_A,continental,29.0,33.0,3204,8.98,4,0.8,28.5,379.0,0.4,0.4321
FEED_0398,UTIL_A,continental,2.0,22.2,4022,2.88,2,0.66,34.3,1029.0,0.133,0.3451
FEED_0399,UTIL_A,oceanic,14.0,36.3,1168,2.59,8,0.85,7.4,905.0,0.192,0.3839
FEED_0400,UTIL_C,continental,38.0,10.0,2635,17.87,5,0.99,0.0,69.0,0.143,0.3419
FEED_0401,UTIL_C,continental,11.0,35.8,4042,1.63,3,0.42,23.9,766.0,0.81,0.5384
FEED_0402,UTIL_A,continental,14.0,8.4,4342,25.61,5,0.81,14.2,895.0,0.705,0.4922
FEED_0403,UTIL_C,semi_arid,15.0,10.4,3165,5.51,11,0.74,5.0,625.0,0.53,0.4174
FEED_0404,UTIL_B,mediterranean,8.0,23.7,3329,18.59,4,0.45,7.4,711.0,0.374,0.4094
FEED_0405,UTIL_B,oceanic,7.0,7.4,4347,13.9,10,0.93,13.3,31.0,0.668,0.2091
FEED_0406,UTIL_B,mediterranean,16.0,6.8,3199,13.84,4,0.39,2.8,62.0,0.813,0.4232
FEED_0407,UTIL_A,continental,39.0,5.0,4754,3.08,3,0.57,2.3,67.0,0.881,0.5808
FEED_0408,UTIL_C,mediterranean,1.0,20.3,812,24.28,4,0.11,36.6,199.0,0.547,0.3406
FEED_0409,UTIL_A,continental,13.0,32.1,1869,26.9,5,0.23,12.5,1085.0,0.82,0.6668
FEED_0410,UTIL_A,semi_arid,3.0,6.2,738,1.32,3,0.84,39.3,705.0,0.511,0.3185
FEED_0411,UTIL_A,continental,25.0,27.8,634,6.18,7,0.4,38.6,863.0,0.475,0.6065
FEED_0412,UTIL_A,mediterranean,12.0,33.8,2465,27.21,5,0.39,5.7,344.0,0.865,0.4669
FEED_0413,UTIL_A,semi_arid,35.0,10.9,1284,16.94,9,0.25,28.6,1028.0,0.386,0.7341
FEED_0414,UTIL_A,oceanic,26.0,10.1,2154,5.35,6,0.49,24.0,241.0,0.396,0.4384
FEED_0415,UTIL_C,mediterranean,35.0,35.1,2301,6.88,6,0.81,27.6,990.0,0.305,0.5972
FEED_0416,UTIL_C,oceanic,28.0,33.8,3180,20.14,6,0.9,3.8,62.0,0.519,0.3557
FEED_0417,UTIL_A,semi_arid,20.0,23.9,4739,22.02,3,0.07,7.5,51.0,0.545,0.4622
FEED_0418,UTIL_A,mediterranean,38.0,33.7,4277,18.38,9,0.57,3.1,114.0,0.66,0.5396
FEED_0419,UTIL_B,oceanic,21.0,8.2,2015,28.64,3,0.47,24.2,873.0,0.431,0.5548
FEED_0420,UTIL_C,semi_arid,42.0,18.8,1762,15.33,9,0.61,39.5,304.0,0.218,0.5177
FEED_0421,UTIL_C,oceanic,44.0,30.8,3899,9.71,11,0.45,26.9,510.0,0.867,0.7421
FEED_0422,UTIL_C,mediterranean,26.0,14.0,793,14.84,9,0.4,28.4,531.0,0.346,0.5127
FEED_0423,UTIL_B,continental,30.0,31.3,2794,11.43,6,0.47,39.4,870.0,0.923,0.7226
FEED_0424,UTIL_B,continental,12.0,22.6,2230,7.51,5,0.58,27.1,401.0,0.207,0.3103
FEED_0425,UTIL_A,semi_arid,36.0,31.3,1077,2.33,10,0.5,1.6,37.0,0.56,0.5004
FEED_0426,UTIL_C,oceanic,30.0,21.3,3158,11.21,4,0.47,34.7,441.0,0.537,0.5474
FEED_0427,UTIL_C,mediterranean,40.0,17.9,1739,21.63,6,0.82,14.6,336.0,0.829,0.5896
FEED_0428,UTIL_A,mediterranean,12.0,12.7,1090,1.53,9,0.75,0.2,808.0,0.139,0.3556
FEED_0429,UTIL_C,oceanic,35.0,12.3,3335,13.74,11,0.34,20.3,830.0,0.91,0.7757
FEED_0430,UTIL_A,oceanic,21.0,31.3,1036,19.68,11,0.8,37.5,127.0,0.531,0.3385
FEED_0431,UTIL_C,oceanic,9.0,9.2,3429,18.7,2,0.85,10.3,874.0,0.586,0.4167
FEED_0432,UTIL_C,mediterranean,8.0,8.0,978,23.52,10,0.15,19.7,105.0,0.51,0.3582
FEED_0433,UTIL_A,oceanic,25.0,11.2,2286,24.51,3,0.58,7.0,689.0,0.036,0.443
FEED_0434,UTIL_B,mediterranean,15.0,11.1,4078,21.64,7,0.29,2.3,444.0,0.497,0.4594
FEED_0435,UTIL_A,semi_arid,5.0,33.8,1297,3.98,11,0.74,3.2,350.0,0.264,0.2236
FEED_0436,UTIL_B,continental,19.0,18.9,3884,14.78,8,0.24,29.1,544.0,0.343,0.4926
FEED_0437,UTIL_C,continental,29.0,39.7,3665,18.5,11,0.67,34.6,360.0,0.649,0.5035
FEED_0438,UTIL_A,mediterranean,15.0,9.8,4532,8.12,5,0.26,5.7,875.0,0.498,0.564
FEED_0439,UTIL_B,oceanic,43.0,27.9,1010,2.23,5,0.51,11.5,1059.0,0.093,0.6928
FEED_0440,UTIL_C,oceanic,35.0,20.7,3632,7.48,5,0.95,7.8,898.0,0.073,0.5018
FEED_0441,UTIL_A,mediterranean,23.0,18.8,4696,14.19,5,0.38,1.1,497.0,0.186,0.4536
FEED_0442,UTIL_A,semi_arid,42.0,35.6,3862,13.0,8,0.88,22.1,565.0,0.191,0.5179
FEED_0443,UTIL_B,mediterranean,20.0,39.1,1101,6.12,6,0.99,28.0,506.0,0.608,0.3947
FEED_0444,UTIL_B,continental,7.0,35.6,4146,24.91,9,0.87,25.9,875.0,0.178,0.3158
FEED_0445,UTIL_B,continental,2.0,11.7,715,27.84,6,0.17,15.5,618.0,0.882,0.4991
FEED_0446,UTIL_A,semi_arid,42.0,12.7,3026,6.84,5,0.82,22.2,528.0,0.21,0.5252
FEED_0447,UTIL_C,continental,43.0,28.0,2588,27.96,3,0.03,3.8,466.0,0.091,0.653
FEED_0448,UTIL_B,semi_arid,33.0,15.1,2749,1.52,7,0.39,6.2,429.0,0.876,0.6518
FEED_0449,UTIL_A,mediterranean,5.0,30.7,2693,27.82,10,0.87,37.3,618.0,0.295,0.265
FEED_0450,UTIL_C,continental,13.0,24.8,351,28.61,10,0.69,30.5,763.0,0.425,0.4223
FEED_0451,UTIL_C,mediterranean,2.0,24.3,2639,1.35,4,0.53,36.9,490.0,0.959,0.4132
FEED_0452,UTIL_B,oceanic,3.0,34.0,4696,23.13,6,0.39,36.7,889.0,0.944,0.5371
FEED_0453,UTIL_A,mediterranean,11.0,29.9,2296,29.14,9,0.81,26.0,910.0,0.715,0.4743
FEED_0454,UTIL_B,semi_arid,26.0,5.9,1529,27.27,8,0.71,37.1,486.0,0.069,0.385
FEED_0455,UTIL_B,oceanic,3.0,6.7,4975,29.15,2,0.47,16.7,998.0,0.593,0.4758
FEED_0456,UTIL_A,mediterranean,44.0,26.1,675,16.96,7,0.89,0.1,214.0,0.989,0.6109
FEED_0457,UTIL_B,oceanic,21.0,22.0,2534,3.27,2,0.23,2.5,1022.0,0.947,0.7401
FEED_0458,UTIL_C,semi_arid,12.0,14.1,2660,25.64,3,0.17,4.4,343.0,0.106,0.3588
FEED_0459,UTIL_A,mediterranean,23.0,19.7,2494,18.8,8,0.64,3.8,630.0,0.396,0.4739
FEED_0460,UTIL_C,continental,35.0,31.5,4624,18.83,3,0.97,14.1,332.0,0.316,0.4172
FEED_0461,UTIL_A,mediterranean,14.0,33.9,2224,13.1,5,0.25,28.1,500.0,0.13,0.399
FEED_0462,UTIL_C,semi_arid,3.0,24.6,4871,17.58,7,0.25,31.6,392.0,0.695,0.4018
FEED_0463,UTIL_B,continental,3.0,18.5,520,5.45,8,0.14,23.6,781.0,0.274,0.4284
FEED_0464,UTIL_A,semi_arid,38.0,14.5,3722,22.45,6,0.86,5.9,116.0,0.345,0.419
FEED_0465,UTIL_C,oceanic,5.0,23.3,3046,3.18,2,0.23,29.9,922.0,0.09,0.4214
FEED_0466,UTIL_A,oceanic,28.0,16.0,1354,22.16,9,0.5,14.2,992.0,0.498,0.6439
FEED_0467,UTIL_B,mediterranean,17.0,24.7,1294,25.62,11,0.99,0.5,629.0,0.158,0.3094
FEED_0468,UTIL_A,semi_arid,35.0,28.7,3654,14.7,10,0.01,11.2,612.0,0.432,0.6963
FEED_0469,UTIL_C,continental,3.0,7.3,3260,15.79,9,0.56,13.2,775.0,0.143,0.3169
FEED_0470,UTIL_C,mediterranean,40.0,5.0,3133,10.05,6,0.51,11.0,242.0,0.954,0.6552
FEED_0471,UTIL_C,mediterranean,31.0,12.4,444,29.11,10,0.81,32.5,828.0,0.145,0.4972
FEED_0472,UTIL_B,mediterranean,20.0,36.3,3069,22.26,6,0.36,30.4,262.0,0.522,0.4478
FEED_0473,UTIL_B,mediterranean,10.0,27.6,4910,11.7,3,0.41,27.8,750.0,0.197,0.4064
FEED_0474,UTIL_B,continental,43.0,11.0,283,6.07,10,0.17,5.6,355.0,0.076,0.5967
FEED_0475,UTIL_C,continental,14.0,36.2,2451,7.37,5,0.74,32.3,824.0,0.202,0.3894
FEED_0476,UTIL_C,continental,22.0,21.4,2573,14.45,11,0.78,27.1,872.0,0.055,0.4252
FEED_0477,UTIL_A,oceanic,18.0,21.7,4504,28.33,5,0.14,7.8,252.0,0.139,0.3973
FEED_0478,UTIL_B,mediterranean,11.0,37.7,1557,22.29,10,0.39,25.9,687.0,0.493,0.463
FEED_0479,UTIL_A,oceanic,19.0,7.1,2482,7.24,7,0.89,19.3,560.0,0.652,0.428
FEED_0480,UTIL_A,oceanic,7.0,12.5,3642,25.93,6,0.0,17.6,343.0,0.087,0.3502
FEED_0481,UTIL_C,oceanic,1.0,25.5,489,11.97,4,0.3,4.5,656.0,0.441,0.3857
FEED_0482,UTIL_A,oceanic,13.0,11.8,4045,25.7,10,0.56,20.7,1087.0,0.581,0.5535
FEED_0483,UTIL_C,oceanic,5.0,28.8,4146,8.01,2,0.33,4.0,32.0,0.234,0.227
FEED_0484,UTIL_B,oceanic,19.0,12.5,3654,18.94,6,0.27,6.6,1049.0,0.372,0.6077
FEED_0485,UTIL_A,oceanic,38.0,8.5,3311,27.87,5,0.46,5.3,941.0,0.072,0.6328
FEED_0486,UTIL_B,oceanic,8.0,12.2,3788,8.48,7,0.18,38.2,593.0,0.22,0.4056
FEED_0487,UTIL_B,mediterranean,1.0,19.8,3952,21.09,4,0.53,11.4,679.0,0.467,0.3502
FEED_0488,UTIL_C,continental,5.0,11.2,4536,29.63,8,0.71,14.2,423.0,0.99,0.3915
FEED_0489,UTIL_B,semi_arid,23.0,9.7,2255,5.37,5,0.58,12.9,167.0,0.996,0.5002
FEED_0490,UTIL_C,mediterranean,13.0,35.1,2389,3.56,3,0.09,35.9,638.0,0.98,0.6248
FEED_0491,UTIL_C,oceanic,22.0,16.2,3262,20.55,3,0.84,22.5,899.0,0.423,0.493
FEED_0492,UTIL_C,continental,2.0,17.6,1126,10.85,8,0.17,36.8,276.0,0.081,0.2608
FEED_0493,UTIL_B,mediterranean,15.0,6.9,4309,3.07,4,0.76,12.0,793.0,0.324,0.4105
FEED_0494,UTIL_A,oceanic,19.0,17.5,3898,14.78,5,0.36,4.6,826.0,0.238,0.512
FEED_0495,UTIL_B,oceanic,19.0,14.3,3229,22.86,8,0.78,22.2,837.0,0.014,0.3857
FEED_0496,UTIL_A,oceanic,25.0,26.4,1647,9.27,5,0.21,13.8,392.0,0.095,0.4609
FEED_0497,UTIL_B,mediterranean,35.0,12.2,1868,10.72,5,0.19,32.1,447.0,0.453,0.6269
FEED_0498,UTIL_C,semi_arid,21.0,36.1,2287,25.53,4,0.5,35.2,473.0,0.34,0.4393
FEED_0499,UTIL_B,oceanic,38.0,37.5,3380,16.08,5,0.03,18.9,939.0,0.18,0.7399
